1,2,manager,manager!,Philip,Ritchey
2,1,logankettle,logankettle!,Logan,Kettle
3,1,westoncadena,westoncadena!,Weston,Cadena
4,1,ryanpaul,ryanpaul!,Ryan,Paul
5,1,colemcanelly,colemcanelly!,Cole,McAnelly
6,0,codybowers,changeme123,Jared,Hernandez
7,0,blanchardzachary,changeme123,Nicholas,Gutierrez
8,0,patricia39,changeme123,Jorge,Mccoy
9,0,tsanchez,changeme123,Janice,Martin
10,0,davidsonteresa,changeme123,Jessica,King
11,0,jacquelinedavis,changeme123,Samuel,Evans
12,0,cunninghamnathan,changeme123,Lynn,Wilson
13,0,traceyprice,changeme123,Sarah,Black
14,0,danielhood,changeme123,Mark,Sims
15,0,gregory68,changeme123,James,Allen
16,0,cody94,changeme123,Monica,Moore
17,0,vanessawalters,changeme123,Tammy,Morgan
18,0,jonescharles,changeme123,Charles,Henderson
19,0,faustin,changeme123,Christopher,Arnold
20,0,kelseyburke,changeme123,Jodi,Kelley
21,0,nicolenewman,changeme123,Ariel,Morrison
22,0,ncox,changeme123,Lauren,Vincent
23,0,lmoreno,changeme123,Brandon,Evans
24,0,danielleschultz,changeme123,Vanessa,Lynn
25,0,moorejohn,changeme123,Sarah,Washington
26,0,brianmiller,changeme123,Abigail,Todd
27,0,donna86,changeme123,Shannon,Colon
28,0,howardrichard,changeme123,Roger,Stewart
29,0,victoria14,changeme123,Andrea,Willis
30,0,jacksonkelly,changeme123,Juan,Villarreal
31,0,john29,changeme123,Andrew,Lopez
32,0,langeileen,changeme123,Kathy,Brown
33,0,whaley,changeme123,Kevin,Spencer
34,0,kevinreyes,changeme123,Mark,Burns
35,0,david44,changeme123,Ann,Ayers
36,0,fwatkins,changeme123,Holly,Gonzalez
37,0,lopezkyle,changeme123,Dana,Anderson
38,0,gentryanthony,changeme123,Ronnie,Kelly
39,0,robinsonchristine,changeme123,Elizabeth,Kirk
40,0,richardaudrey,changeme123,Brittany,Jordan
41,0,dcooper,changeme123,Barbara,Cooper
42,0,krausejennifer,changeme123,Jennifer,Shepherd
43,0,kathleen24,changeme123,Amber,Cook
44,0,cbrown,changeme123,Megan,Atkins
45,0,williamjohnson,changeme123,Rachel,Day
46,0,lewiskaren,changeme123,Shannon,Clark
47,0,arielmason,changeme123,Kevin,Reilly
48,0,patrick74,changeme123,Andrea,Horn
49,0,joshua60,changeme123,Kyle,Erickson
50,0,nielsenamber,changeme123,Marc,Martinez
51,0,markflores,changeme123,Kimberly,Adams
52,0,mathisheather,changeme123,James,Spencer
53,0,ablack,changeme123,Melissa,Davis
54,0,anthonywelch,changeme123,Raymond,Logan
55,0,anthonyclark,changeme123,Christopher,Murillo
56,0,luisturner,changeme123,Victoria,Vega
57,0,dthomas,changeme123,Kimberly,Taylor
58,0,amandaanderson,changeme123,Jason,Mcfarland
59,0,usullivan,changeme123,Colleen,Humphrey
60,0,wanda00,changeme123,Casey,Shields
61,0,lori83,changeme123,Richard,Dillon
62,0,ipoole,changeme123,Andrew,Moore
63,0,michelecook,changeme123,Joanna,Davis
64,0,timothybeltran,changeme123,Michele,Carter
65,0,dflores,changeme123,Zachary,Carlson
66,0,tanyacohen,changeme123,Stephen,Davis
67,0,morganspencer,changeme123,Gary,Dennis
68,0,sean98,changeme123,Samantha,Perez
69,0,lindseytorres,changeme123,Mark,Cooke
70,0,jamespetersen,changeme123,Tonya,Conway
71,0,courtneyrobertson,changeme123,Judy,Ryan
72,0,brad83,changeme123,Leonard,Martinez
73,0,feliciamartin,changeme123,Bradley,Jones
74,0,nicole93,changeme123,Colleen,Richardson
75,0,lawrencekennedy,changeme123,Emily,Rose
76,0,edward47,changeme123,Benjamin,Buchanan
77,0,arodriguez,changeme123,Wendy,Hamilton
78,0,crodgers,changeme123,Sharon,Morse
79,0,malloryreeves,changeme123,Nicole,Carlson
80,0,ysutton,changeme123,Cynthia,Knox
81,0,karina88,changeme123,Denise,Allison
82,0,kristenturner,changeme123,Robert,Brown
83,0,rachelmiller,changeme123,Jonathan,Garrett
84,0,ejones,changeme123,Leah,Gonzalez
85,0,lori14,changeme123,Amy,Gallagher
86,0,vgriffin,changeme123,Matthew,Chavez
87,0,marybryant,changeme123,Sandra,Fitzgerald
88,0,tammiegarrett,changeme123,Susan,Parsons
89,0,rosalespatrick,changeme123,Theresa,Stewart
90,0,joseph11,changeme123,Denise,Larsen
91,0,timothy66,changeme123,Penny,Mahoney
92,0,taylormartin,changeme123,Rebecca,Vaughn
93,0,david83,changeme123,John,Mccormick
94,0,charles92,changeme123,Melissa,Cooper
95,0,lisalee,changeme123,James,Jarvis
96,0,anthony75,changeme123,Alice,Garcia
97,0,alexispowell,changeme123,Joe,Guzman
98,0,qaustin,changeme123,Amy,Jackson
99,0,gibsonjohn,changeme123,Sarah,Krause
100,0,torresdavid,changeme123,Chris,Garcia
101,0,perezbrian,changeme123,Valerie,Gutierrez
102,0,isabel67,changeme123,John,Allen
103,0,cheryl62,changeme123,Cory,Young
104,0,mmcintosh,changeme123,Amy,Vazquez
105,0,clinton21,changeme123,Nicole,Lopez
106,0,cynthiahurst,changeme123,Gary,Reynolds
107,0,tuckersteven,changeme123,Louis,Glenn
108,0,brownjoseph,changeme123,Dana,Blevins
109,0,cynthia02,changeme123,Victoria,Daniel
110,0,padilladevin,changeme123,Jennifer,Williams
111,0,morriscalvin,changeme123,Lori,Wilson
112,0,tammy09,changeme123,Morgan,Macdonald
113,0,currytina,changeme123,George,Alvarez
114,0,charles14,changeme123,Timothy,Haynes
115,0,morrisaustin,changeme123,Alicia,Clayton
116,0,cristian83,changeme123,Kimberly,Daniels
117,0,lindapeterson,changeme123,Mary,Cisneros
118,0,kathleen62,changeme123,Katherine,Mendez
119,0,carlosmolina,changeme123,Richard,Jones
120,0,oray,changeme123,David,Cook
121,0,andrewbrown,changeme123,Monica,Garner
122,0,aprilbarber,changeme123,Andrew,Flowers
123,0,sherrigood,changeme123,Luke,Ferguson
124,0,edward46,changeme123,Jonathan,Hall
125,0,emendoza,changeme123,Angela,Yoder
126,0,jose96,changeme123,John,Rodriguez
127,0,robertrussell,changeme123,Cassandra,Bryant
128,0,hamptonandrea,changeme123,Kathryn,Hendricks
129,0,jamesoneill,changeme123,Sarah,Carter
130,0,duanemays,changeme123,James,Hays
131,0,blairdavid,changeme123,Brianna,Clark
132,0,wallangela,changeme123,Hannah,Bartlett
133,0,asandoval,changeme123,Christopher,Banks
134,0,ashley34,changeme123,Heather,Henry
135,0,shill,changeme123,Scott,Walsh
136,0,wcarney,changeme123,Meredith,Bradford
137,0,rogersalex,changeme123,Martin,Montgomery
138,0,troy18,changeme123,Gina,Reynolds
139,0,jmorris,changeme123,Daniel,Dominguez
140,0,maynardsamuel,changeme123,Donald,Stephens
141,0,igoodwin,changeme123,Christopher,Carter
142,0,campbelljoseph,changeme123,Colleen,Martin
143,0,jamesjacobs,changeme123,Willie,Moore
144,0,joshuawalker,changeme123,Sara,Buchanan
145,0,dramos,changeme123,Dawn,Johnson
146,0,melissaadkins,changeme123,Christopher,Kerr
147,0,hillrodney,changeme123,Michael,Potter
148,0,zimmermanashley,changeme123,Matthew,Foster
149,0,kshort,changeme123,Samuel,Tucker
150,0,victor79,changeme123,Alexis,Manning
151,0,tonya03,changeme123,Audrey,Andrade
152,0,thomasmichelle,changeme123,Hunter,Walker
153,0,howardgilmore,changeme123,Peter,Kelley
154,0,vhenderson,changeme123,Sandra,Cox
155,0,kyle03,changeme123,Elizabeth,Gross
156,0,robertsdylan,changeme123,William,Harris
157,0,wendymorris,changeme123,James,Garrett
158,0,allentravis,changeme123,Rebecca,Baker
159,0,ichapman,changeme123,Tyrone,Daniels
160,0,lynn25,changeme123,Margaret,Nielsen
161,0,jillmcgee,changeme123,Paige,Wood
162,0,halljodi,changeme123,Kevin,Edwards
163,0,sanchezpamela,changeme123,Calvin,Perkins
164,0,alexis55,changeme123,George,Porter
165,0,wcarroll,changeme123,Ashley,Cruz
166,0,ahartman,changeme123,Rebecca,Miller
167,0,wendy41,changeme123,Karen,Perez
168,0,xanderson,changeme123,Christopher,Smith
169,0,sanchezjessica,changeme123,Charles,Carter
170,0,lisa46,changeme123,Susan,Larson
171,0,rachellee,changeme123,Vincent,Brown
172,0,jennifermcbride,changeme123,Shelby,Hernandez
173,0,karencrawford,changeme123,Robert,Thomas
174,0,mmartinez,changeme123,Adam,Brown
175,0,mcdonaldphyllis,changeme123,Alex,Snow
176,0,aimee88,changeme123,Jennifer,Rios
177,0,kathleenkennedy,changeme123,Mark,Ward
178,0,crystal98,changeme123,Sydney,Murphy
179,0,millsterry,changeme123,Miranda,Ramirez
180,0,fullersherri,changeme123,Linda,Sampson
181,0,forbesthomas,changeme123,Sean,Cooper
182,0,sharon35,changeme123,Ian,Dominguez
183,0,joneslynn,changeme123,Veronica,Murray
184,0,taterobert,changeme123,Lindsey,Rosales
185,0,rodgerskirk,changeme123,Barbara,Alvarado
186,0,benjamin25,changeme123,Kathryn,Cruz
187,0,mayharold,changeme123,John,Vaughn
188,0,zjenkins,changeme123,Robert,Munoz
189,0,wrightsavannah,changeme123,Bonnie,Singleton
190,0,pooleamber,changeme123,Joan,Martin
191,0,nicholasdelacruz,changeme123,Abigail,Randall
192,0,ophillips,changeme123,Gabrielle,Contreras
193,0,olewis,changeme123,Dale,Tran
194,0,austinsimmons,changeme123,Kenneth,Morgan
195,0,matthewpierce,changeme123,Joseph,Simpson
196,0,fosterlori,changeme123,Rebecca,Anderson
197,0,webbdiane,changeme123,Robert,Warner
198,0,uhaynes,changeme123,Crystal,Bond
199,0,joseph30,changeme123,Eric,Padilla
200,0,carolcarroll,changeme123,Jeffrey,Chavez
201,0,smithjoe,changeme123,Kimberly,Booth
202,0,wsmith,changeme123,Joshua,Scott
203,0,isanchez,changeme123,Lauren,Morales
204,0,samanthafox,changeme123,Amanda,Jones
205,0,jenniferramirez,changeme123,Victor,Ross
